2302094 , Logged in , 30-3-2025 04:47 PM 
2302094 , Requested for Password , 30-3-2025 04:53 PM 
2302094 , Logged in , 30-3-2025 05:34 PM 
0000000 , Logged in , 30-3-2025 05:56 PM 
2302094 , Logged in , 3-4-2025 07:05 PM 
2302094 , Passed Pre Registration , 3-4-2025 07:05 PM 
2302094 , Passed Pre Registration , 3-4-2025 07:17 PM 
2302094 , Passed Pre Registration , 3-4-2025 07:18 PM 
2302094 , Logged in , 4-4-2025 08:45 PM 
2302094 , Logged in , 4-4-2025 08:45 PM 
2302094 , Account Updated , 4-4-2025 08:45 PM 
2302094 , Requested for Password , 4-4-2025 08:45 PM 
2302003 , Requested for Registration , 4-4-2025 11:01 PM 
2302003 , Logged in , 4-4-2025 11:01 PM 
2302094 , Logged in , 4-4-2025 11:01 PM 
2302003 , Account Updated , 4-4-2025 11:01 PM 
2302003 , Account Updated , 4-4-2025 11:01 PM 
2302003 , Requested for Password , 4-4-2025 11:01 PM 
2302061 , Requested for Registration , 8-4-2025 09:59 PM 
2302061 , Logged in , 8-4-2025 09:59 PM 
2302094 , Logged in , 8-4-2025 09:59 PM 
2302061 , Registred a new Complaint (67f551aa641c168f4be1b31d) , 8-4-2025 09:59 PM 
2302061 , Added a Comment on PostId(67aee86b1b0436a46823e7df) , 8-4-2025 09:59 PM 
2302061 , Logged in , 8-4-2025 10:17 PM 
2302094 , Logged in , 8-4-2025 10:17 PM 
2302094 , Added a Comment on PostId(67f552d3641c168f4be1b345) , 8-4-2025 10:17 PM 
2302061 , Requested for Password , 8-4-2025 10:17 PM 
2302094 , Logged in , 9-4-2025 01:17 PM 
2302099 , Logged in , 9-4-2025 01:17 PM 
2302094 , Logged in , 9-4-2025 01:17 PM 
2302094 , Logged in , 9-4-2025 01:28 PM 
2302094 , Logged in , 23-4-2025 05:48 PM 
2302094 , Logged in , 23-4-2025 05:54 PM 
2302094 , Logged in , 23-4-2025 05:54 PM 
2302094 , Logged in , 23-4-2025 05:55 PM 
2302094 , Logged in , 23-4-2025 05:55 PM 
2302094 , Logged in , 25-4-2025 10:48 PM 
2302094 , Logged in , 26-4-2025 11:48 AM 
2302094 , Logged in , 26-4-2025 11:54 AM 
2302094 , Logged in , 26-4-2025 11:59 AM 
2302094 , Logged in , 26-4-2025 12:00 AM 
2302094 , Logged in , 27-4-2025 04:15 PM 
2302094 , Logged in , 27-4-2025 04:18 PM 
2302094 , Posted a new Post (2302094-1745751098555.png) , 27-4-2025 04:18 PM 
2302094 , Account Updated , 27-4-2025 04:18 PM 
